image_id,has_text
0004396d,1
0137e7aa,0
0199bf13,0
036b8583,1
0375ae41,0
0444eee9,1
05bffbf2,1
05c8e320,1
069b7302,0
07e39d01,0
093c4638,0
09c33879,1
0ab6c30b,0
0b95f8b1,0
0e34947d,0
0f491966,1
0f5f00ff,0
0f6b3284,0
0ff14809,1
108e1890,1
10c9c4a7,0
110797a7,1
11404aa7,1
1147970b,1
12965577,1
13f2ec26,1
15e71f84,1
1d9d7f69,0
1e42a475,0
216421a4,0
2207aaab,1
23310ec8,0
23454342,1
2617e3cc,0
2794ace7,1
27c8eb11,1
2856dd39,1
28d356c6,1
2a3f3da9,0
2a9d4d73,0
2b03f308,0
2b0909a8,1
2b6e8b6f,0
2c00b7af,0
2c9c5452,0
2f99cd87,1
32011436,0
33817b03,0
3415f867,1
34a4403a,1
352cf194,1
386561ff,1
398d5b1e,0
39e76f91,1
3bdf9740,1
3d1f4b71,0
3e6f8b6d,1
3f348d71,0
4331fa68,0
43d0c683,1
4490055d,1
46a91e47,1
46c76d48,0
48d13820,1
49793881,0
4a93c5a9,0
4b00917c,1
4e3d5764,1
4eb3ada4,0
4f8c4f00,1
4f8f49bb,1
546965b9,1
58c7f324,0
5e431bb5,1
5fe9a650,1
60c322b2,1
610f41aa,0
62af719f,1
63415a7e,0
6748ddbb,1
67f86198,0
6952a87a,0
6c2bd680,1
6c7a6fdb,0
6e3c8082,1
6e5bcd3c,1
6feaf650,0
7048f7f8,1
70ffb640,0
7570bdb4,0
76763124,0
794168b5,1
79dbbdc3,1
7a35866d,1
7b144526,0
7c122e26,1
7c2c1c8f,0
7ce59ef4,1
7d2e8b2f,1
7d7e3f5d,0
7dac3cb3,0
7de64623,1
802a3a0d,1
80cc353b,0
840598e4,1
878c207b,0
87b47312,0
8818ee11,1
8a6b11d8,1
8ae82d6e,1
8ba1469f,1
8c0a3b02,1
8f56282e,0
8fcdf188,0
912dae09,0
9247efa1,1
94b91881,0
95bbf72f,0
962ace7c,0
99e326e5,1
9a958ae8,0
9a9bd44b,1
9be5b11b,1
9c57e04a,0
9c5e3d5e,1
9db39031,0
9de1bb70,1
a0a992f3,1
a46d6d74,1
a764862c,1
a8ae94b2,0
aca97132,0
acf632d3,1
adb25da6,0
b00cb66d,1
b1c711d8,0
b1fc12e4,1
b2e88296,1
b6937e1e,0
b6e9221f,0
b8d7c7d3,1
b93eca4f,0
bf28e577,1
c07aeeb8,1
c1720d2b,0
c2eb10eb,0
c3714bc0,1
c41035ca,1
c79a68fb,1
c8151e55,0
c94a4c9e,1
c9c74373,0
caec0cb1,0
cbdc2d87,0
cc4d431c,0
cf9517f5,0
d0aa5d9b,1
d0d441a1,0
d28b6f81,0
d331721a,1
d3aeccd6,0
d6f8819e,0
d7616758,0
d8df56fd,0
da5bd446,0
da870dd4,1
dd313b8b,1
de164cbe,0
de2b8432,1
df998e63,1
e1604d51,0
e17559bc,1
e19ebf0f,0
e33cd5d3,0
e5a18e24,1
e62d57ba,1
e6d8266f,1
e7775515,1
e77c1ea1,0
e7f73318,0
eb958632,0
eba46dd0,1
edd1cc2d,0
ee8e106c,1
eeaba4fa,0
efdf1b66,1
f04d6159,0
f0a574fe,1
f0e547f9,0
f2650262,0
f2784dc6,0
f3d61100,1
f673bde4,0
f6aa9c16,0
f8ad7c9c,1
f92e81e8,1
f94f4560,0
fc51bd2b,1
ffb6ab7c,1
