image_id,has_text,stratum
0199bf13,0,mg_tomo
2617e3cc,0,mg_tomo
67f86198,0,mg_tomo
826b4770,0,mg_tomo
91f2c94a,0,mg_tomo
95bbf72f,0,mg_tomo
9d3d1e3e,0,mg_tomo
f6aa9c16,0,mg_tomo
f85e8745,0,mg_tomo
18056bdb,1,mg_2d
1e42a475,1,mg_2d
4f8c4f00,0,mg_2d
5e431bb5,1,mg_2d
97b207a1,1,mg_2d
9c10ed67,1,mg_2d
9f33781d,1,mg_2d
adafd205,0,mg_2d
c94a4c9e,1,mg_2d
05c8e320,1,us_ge
11404aa7,1,us_ge
2f99cd87,1,us_ge
386561ff,1,us_ge
ab2c3743,1,us_ge
cbf80cb4,1,us_ge
d0d7e8c1,1,us_ge
efdf1b66,1,us_ge
f92e81e8,1,us_ge
f99f7046,1,us_ge
39e76f91,1,us_philips
46a91e47,1,us_philips
67b42134,1,us_philips
7620fc50,1,us_philips
78394121,1,us_philips
840598e4,1,us_philips
85a29b2f,1,us_philips
f41b1a04,1,us_philips
1389495a,1,us_siemens
27c8eb11,1,us_siemens
7d2e8b2f,1,us_siemens
8fc5c740,1,us_siemens
9be5b11b,1,us_siemens
9de1bb70,1,us_siemens
bb660d02,1,us_siemens
bf28e577,1,us_siemens
34a4403a,1,us_samsung
3e6f8b6d,1,us_samsung
5ab1ecf7,1,us_samsung
794168b5,1,us_samsung
96e3e203,1,us_samsung
b8d7c7d3,1,us_samsung
f3d61100,1,us_samsung
3415f867,1,us_toshiba_canon
46d0830c,1,us_toshiba_canon
4f8f49bb,1,us_toshiba_canon
60c322b2,1,us_toshiba_canon
69656ce3,1,us_toshiba_canon
a4a03d0b,1,us_toshiba_canon
a764862c,1,us_toshiba_canon
dcfbf81f,1,us_toshiba_canon
e6d8266f,1,us_toshiba_canon
eba46dd0,1,us_toshiba_canon
6fa7e343,1,us_sonosite
b1fc12e4,1,us_sonosite
c79a68fb,1,us_sonosite
63e463b6,1,us_other
79dbbdc3,1,us_other
31a50aa2,1,ct_secondary_capture
3942862c,1,ct_secondary_capture
400a405e,1,ct_secondary_capture
48cdf458,1,ct_secondary_capture
6861e9ad,1,ct_secondary_capture
73fb03b0,0,ct_secondary_capture
9a9bd44b,1,ct_secondary_capture
ae232537,1,ct_secondary_capture
f0e547f9,0,ct_secondary_capture
f8ad7c9c,1,ct_secondary_capture
47f44de3,0,ct_scout
49793881,0,ct_scout
639a8f45,0,ct_scout
7b144526,0,ct_scout
adb25da6,0,ct_scout
c1720d2b,0,ct_scout
c9c3c6c3,0,ct_scout
c9c74373,0,ct_scout
eb958632,0,ct_scout
ee64ae65,0,ct_scout
